{"cameraMode":{"drawMode":0,"name":"Shaded","section":"Shading Mode"},"sceneLighting":true,"audioPlay":false,"sceneViewState":{"showFog":true,"showMaterialUpdate":false,"showSkybox":true,"showFlares":true,"showImageEffects":true,"showParticleSystems":true},"in2DMode":false,"pivot":{"x":-3.084695816040039,"y":-0.37342262268066409,"z":3.7492218017578127},"rotation":{"x":-0.10123724490404129,"y":0.8753346800804138,"z":-0.20893701910972596,"w":-0.42413002252578738},"size":46.3984489440918,"orthographic":false}