{"cameraMode":{"drawMode":0,"name":"Shaded","section":"Shading Mode"},"sceneLighting":false,"audioPlay":false,"sceneViewState":{"showFog":true,"showMaterialUpdate":false,"showSkybox":false,"showFlares":true,"showImageEffects":true,"showParticleSystems":true},"in2DMode":false,"pivot":{"x":0.013305902481079102,"y":-0.21665030717849732,"z":4.889153480529785},"rotation":{"x":-0.28035634756088259,"y":0.35108545422554018,"z":-0.11103697121143341,"w":-0.8864680528640747},"size":3.606510639190674,"orthographic":false}