{"cameraMode":{"drawMode":0,"name":"Shaded","section":"Shading Mode"},"sceneLighting":false,"audioPlay":false,"sceneViewState":{"showFog":true,"showMaterialUpdate":false,"showSkybox":false,"showFlares":true,"showImageEffects":true,"showParticleSystems":true},"in2DMode":false,"pivot":{"x":38.2620964050293,"y":24.284385681152345,"z":-66.08998107910156},"rotation":{"x":0.22588331997394563,"y":0.0613204762339592,"z":-0.014248034916818142,"w":0.9721232056617737},"size":80.5866470336914,"orthographic":false}