{"cameraMode":{"drawMode":0,"name":"Shaded","section":"Shading Mode"},"sceneLighting":false,"audioPlay":false,"sceneViewState":{"showFog":true,"showMaterialUpdate":false,"showSkybox":false,"showFlares":true,"showImageEffects":true,"showParticleSystems":true},"in2DMode":false,"pivot":{"x":10.819330215454102,"y":34.293975830078128,"z":-55.14976119995117},"rotation":{"x":0.32637524604797366,"y":-0.2033824473619461,"z":0.0721292495727539,"w":0.9202790260314941},"size":7.291996479034424,"orthographic":false}