{"cameraMode":{"drawMode":0,"name":"Shaded","section":"Shading Mode"},"sceneLighting":true,"audioPlay":false,"sceneViewState":{"showFog":true,"showMaterialUpdate":false,"showSkybox":true,"showFlares":true,"showImageEffects":true,"showParticleSystems":true},"in2DMode":false,"pivot":{"x":15.972526550292969,"y":-8.890081405639649,"z":-6.232150077819824},"rotation":{"x":0.25108230113983157,"y":-0.5875818133354187,"z":0.19851425290107728,"w":0.7431762218475342},"size":54.25828552246094,"orthographic":false}